[
  "This is some data regarding a custom tkinter application",
  "The file has dimensions of (270x325) and a title of Calculator, and has a theme of Green. It has an icon path of D:/Codes/wait im goated/logo.ico",
  [
    "Button",
    "seven",
    [
      9,
      119
    ],
    {
      "height": 45,
      "width": 45,
      "corner_radius": 10,
      "text": "7"
    },
    null
  ],
  [
    "Button",
    "eight",
    [
      60,
      119
    ],
    {
      "height": 45,
      "width": 45,
      "corner_radius": 10,
      "text": "8"
    },
    null
  ],
  [
    "Button",
    "nine",
    [
      111,
      119
    ],
    {
      "height": 45,
      "width": 45,
      "corner_radius": 10,
      "text": "9"
    },
    null
  ],
  [
    "Button",
    "four",
    [
      9,
      170
    ],
    {
      "height": 45,
      "width": 45,
      "corner_radius": 10,
      "text": "4"
    },
    null
  ],
  [
    "Button",
    "five",
    [
      60.0,
      170
    ],
    {
      "height": 45,
      "width": 45,
      "corner_radius": 10,
      "text": "5"
    },
    null
  ],
  [
    "Button",
    "six",
    [
      111.0,
      170
    ],
    {
      "height": 45,
      "width": 45,
      "corner_radius": 10,
      "text": "6"
    },
    null
  ],
  [
    "Button",
    "one",
    [
      9.0,
      221
    ],
    {
      "height": 45,
      "width": 45,
      "corner_radius": 10,
      "text": "1"
    },
    null
  ],
  [
    "Button",
    "two",
    [
      60.0,
      221
    ],
    {
      "height": 45,
      "width": 45,
      "corner_radius": 10,
      "text": "2"
    },
    null
  ],
  [
    "Button",
    "three",
    [
      111.0,
      221
    ],
    {
      "height": 45,
      "width": 45,
      "corner_radius": 10,
      "text": "3"
    },
    null
  ],
  [
    "Button",
    "zero",
    [
      9.0,
      273
    ],
    {
      "height": 45,
      "width": 95,
      "corner_radius": 10,
      "text": "0"
    },
    null
  ],
  [
    "Button",
    "DP",
    [
      111,
      273
    ],
    {
      "height": 45,
      "width": 45,
      "corner_radius": 10,
      "text": "."
    },
    null
  ],
  [
    "Button",
    "Plus Button",
    [
      163,
      119
    ],
    {
      "height": 45,
      "width": 45,
      "corner_radius": 10,
      "text": "+"
    },
    null
  ],
  [
    "Button",
    "Minus Button",
    [
      163.0,
      170
    ],
    {
      "height": 45,
      "width": 45,
      "corner_radius": 10,
      "text": "-"
    },
    null
  ],
  [
    "Button",
    "Multiply Button",
    [
      163.0,
      221
    ],
    {
      "height": 45,
      "width": 45,
      "corner_radius": 10,
      "text": "*"
    },
    null
  ],
  [
    "Button",
    "Divide Button",
    [
      214.0,
      170
    ],
    {
      "height": 45,
      "width": 45,
      "corner_radius": 10,
      "text": "/"
    },
    null
  ],
  [
    "Entry",
    "Entry 0",
    [
      9,
      9
    ],
    {
      "height": 100,
      "width": 250,
      "corner_radius": 20,
      "border_width": 0,
      "show": ""
    },
    null
  ],
  [
    "Button",
    "Button 16",
    [
      214.0,
      119
    ],
    {
      "width": 45,
      "text": "C",
      "fg_color": "#fde602",
      "hover_color": "#bdbd01",
      "text_color": "#000000",
      "height": 45,
      "corner_radius": 10
    },
    null
  ],
  [
    "Button",
    "Button 1",
    [
      163.0,
      273
    ],
    {
      "width": 92,
      "text": "=",
      "fg_color": "#fde602",
      "hover_color": "#bdbd01",
      "text_color": "#000000",
      "height": 45,
      "corner_radius": 10
    },
    null
  ]
]