[
  "This is some data regarding a custom tkinter application",
  "The file has dimensions of (600x500) and a title of , and has a theme of Blue. It has an icon path of ",
  [
    "Label",
    "title",
    [
      200,
      22
    ],
    {
      "text": "WQY BLE APP",
      "font": [
        "roboto",
        -30
      ]
    },
    null,
    "root"
  ],
  [
    "Text Box",
    "commandLog",
    [
      200,
      167
    ],
    {},
    null,
    "root"
  ],
  [
    "Entry",
    "entryDevice",
    [
      201,
      86
    ],
    {
      "width": 200
    },
    null,
    "root"
  ],
  [
    "Label",
    "labelDeviceName",
    [
      202,
      58
    ],
    {
      "text": "Device Name:"
    },
    null,
    "root"
  ],
  [
    "Button",
    "buttonDisconnect",
    [
      200,
      126
    ],
    {
      "text": "Disconnect",
      "width": 95
    },
    null,
    "root"
  ],
  [
    "Button",
    "buttonConnect",
    [
      305,
      126
    ],
    {
      "text": "Connect",
      "width": 95
    },
    null,
    "root"
  ],
  [
    "Entry",
    "entrySendCommand",
    [
      200,
      381
    ],
    {},
    null,
    "root"
  ],
  [
    "Button",
    "buttonSend",
    [
      350,
      381
    ],
    {
      "width": 50,
      "text": "Send"
    },
    null,
    "root"
  ],
  [
    "Frame",
    "scrollableIncomingData",
    [
      16,
      83
    ],
    {
      "width": 170,
      "height": 400
    },
    null,
    "root"
  ],
  [
    "Frame",
    "scrollableSendCommands",
    [
      414,
      83
    ],
    {
      "width": 170,
      "height": 400
    },
    null,
    "root"
  ],
  [
    "Label",
    "labelIncoming",
    [
      17,
      50
    ],
    {
      "text": "Incoming Data"
    },
    null,
    "root"
  ],
  [
    "Button",
    "addIncoming",
    [
      155,
      50
    ],
    {
      "text": "+",
      "width": 30
    },
    null,
    "root"
  ],
  [
    "Label",
    "labelOutgoing",
    [
      416,
      50
    ],
    {
      "text": "Outgoing Commands"
    },
    null,
    "root"
  ],
  [
    "Button",
    "Button 1",
    [
      553,
      50
    ],
    {
      "text": "+",
      "width": 30
    },
    null,
    "root"
  ],
  [
    "Label",
    "Label 1",
    [
      200,
      415
    ],
    {
      "text": "Made by Nicholas Teague"
    },
    null,
    "root"
  ],
  [
    "Label",
    "Label 2",
    [
      200,
      437
    ],
    {
      "text": "UoM ESP Group 44, 23-24"
    },
    null,
    "root"
  ]
]